{"bounds":{"east":118.365926742554,"north":29.7762966156006,"south":29.6504688262939,"west":118.247480392456},"contentType":"quantizedmesh","latLonBounds":{"east":118.365926742554,"north":29.7762966156006,"south":29.6504688262939,"west":118.247480392456},"maxzoom":14,"minzoom":0,"proj":4326,"tiletrans":"tms","type":"terrain","ziped":false}